jewelry,necklaces,pendants
home_and_living,home_decor,wall_decor
craft_supplies_and_tools,,
jewelry,earrings,dangle_earrings
art_and_collectibles,prints,digital_prints
home_and_living,kitchen_and_dining,drink_and_barware
clothing,womens_clothing,tops_and_tees
art_and_collectibles,prints,
paper_and_party_supplies,paper,greeting_cards
art_and_collectibles,,
home_and_living,kitchen_and_dining,dining_and_serving
jewelry,necklaces,
home_and_living,home_decor,
jewelry,bracelets,beaded_bracelets
accessories,,
home_and_living,home_decor,decorative_pillows
jewelry,,
paper_and_party_supplies,paper,invitations_and_announcements
paper_and_party_supplies,party_supplies,party_decor
home_and_living,,
jewelry,necklaces,beaded_necklaces
home_and_living,home_decor,ornaments_and_accents
clothing,womens_clothing,dresses
jewelry,brooches_pins_and_clips,brooches
art_and_collectibles,prints,giclee
jewelry,earrings,
jewelry,necklaces,charm_necklaces
accessories,keychains_and_lanyards,keychains
jewelry,bracelets,
art_and_collectibles,photography,color
art_and_collectibles,collectibles,
paper_and_party_supplies,paper,stickers_labels_and_tags
jewelry,rings,
art_and_collectibles,painting,acrylic
jewelry,earrings,stud_earrings
accessories,hair_accessories,headbands
clothing,,
clothing,mens_clothing,shirts
accessories,scarves_and_wraps,scarves
paper_and_party_supplies,,
home_and_living,bedding,blankets_and_throws
toys_and_games,toys,dolls_and_action_figures
jewelry,rings,wedding_and_engagement
paper_and_party_supplies,party_supplies,party_favors_and_games
home_and_living,home_decor,candles_and_holders
art_and_collectibles,drawing_and_illustration,digital
accessories,hair_accessories,barrettes_and_clips
paper_and_party_supplies,paper,stationery
jewelry,rings,statement_rings
jewelry,bracelets,charm_bracelets
electronics_and_accessories,electronics_cases,phone_cases
art_and_collectibles,photography,
accessories,baby_accessories,
art_and_collectibles,painting,watercolor
bags_and_purses,totes,
jewelry,bracelets,bangles
jewelry,bracelets,cuff_bracelets
art_and_collectibles,collectibles,figurines
home_and_living,kitchen_and_dining,linens
accessories,patches_and_pins,pins_and_pinback_buttons
jewelry,jewelry_sets,
art_and_collectibles,collectibles,memorabilia
home_and_living,floor_and_rugs,rugs
jewelry,necklaces,chokers
accessories,hats_and_caps,winter_hats
accessories,hats_and_caps,
art_and_collectibles,painting,
clothing,girls_clothing,baby_girls_clothing
home_and_living,kitchen_and_dining,cookware
art_and_collectibles,painting,oil
clothing,womens_clothing,jackets_and_coats
home_and_living,home_decor,vases
toys_and_games,toys,stuffed_animals_and_plushies
bags_and_purses,pouches_and_coin_purses,
jewelry,necklaces,crystal_necklaces
clothing,womens_clothing,skirts
weddings,invitations_and_paper,invitations
weddings,gifts_and_mementos,wedding_favors
accessories,suit_and_tie_accessories,cufflinks_and_tie_tacks
jewelry,bracelets,chain_and_link_bracelets
art_and_collectibles,drawing_and_illustration,
accessories,keychains_and_lanyards,lanyards
clothing,womens_clothing,
home_and_living,kitchen_and_dining,kitchen_decor
accessories,patches_and_pins,patches
bath_and_beauty,soaps,bar_soaps
paper_and_party_supplies,paper,calendars_and_planners
pet_supplies,pet_collars_and_leashes,pet_collars_and_jewelry
clothing,girls_clothing,dresses
jewelry,rings,bands
weddings,,
art_and_collectibles,photography,black_and_white
jewelry,earrings,hoop_earrings
art_and_collectibles,fine_art_ceramics,
art_and_collectibles,dolls_and_miniatures,miniatures
bags_and_purses,,
accessories,hats_and_caps,baseball_and_trucker_caps
weddings,decorations,signs
home_and_living,home_decor,baskets_and_bowls
art_and_collectibles,drawing_and_illustration,pen_and_ink
pet_supplies,pet_clothing_accessories_and_shoes,pet_accessories
jewelry,necklaces,monogram_and_name_necklaces
weddings,accessories,hair_accessories
clothing,womens_clothing,sweaters
home_and_living,kitchen_and_dining,
books_movies_and_music,books,blank_books
clothing,womens_clothing,lingerie
bags_and_purses,handbags,clutches_and_evening_bags
jewelry,earrings,clip_on_earrings
books_movies_and_music,books,book_accessories
books_movies_and_music,books,childrens_books
clothing,girls_clothing,tops
home_and_living,home_decor,clocks
bags_and_purses,wallets_and_money_clips,wallets
art_and_collectibles,sculpture,art_objects
jewelry,necklaces,chains
jewelry,rings,solitaire_rings
home_and_living,spirituality_and_religion,religious_jewelry_and_charms
art_and_collectibles,collectibles,advertisements
art_and_collectibles,prints,lithographs
accessories,baby_accessories,childrens_photo_props
jewelry,bracelets,woven_and_braided_bracelets
toys_and_games,,
home_and_living,furniture,living_room_furniture
bags_and_purses,handbags,shoulder_bags
books_movies_and_music,music,recorded_audio
weddings,decorations,cake_toppers
accessories,scarves_and_wraps,shawls_and_wraps
weddings,decorations,
accessories,hair_accessories,
jewelry,earrings,ear_jackets_and_climbers
home_and_living,home_decor,rocks_and_geodes
clothing,boys_clothing,baby_boys_clothing
art_and_collectibles,sculpture,figurines
accessories,suit_and_tie_accessories,neckties
home_and_living,office,office_and_school_supplies
home_and_living,kitchen_and_dining,kitchen_storage
art_and_collectibles,sculpture,
toys_and_games,toys,
art_and_collectibles,collectibles,collectible_glass
accessories,suit_and_tie_accessories,bow_ties
jewelry,rings,stackable_rings
accessories,belts_and_suspenders,belts
home_and_living,storage_and_organization,boxes_and_bins
paper_and_party_supplies,paper,
jewelry,rings,multistone_rings
art_and_collectibles,mixed_media_and_collage,
art_and_collectibles,mixed_media_and_collage,other_assemblage
weddings,gifts_and_mementos,bridesmaids_gifts
jewelry,earrings,chandelier_earrings
art_and_collectibles,dolls_and_miniatures,art_dolls_and_figurines
clothing,girls_clothing,
bags_and_purses,cosmetic_and_toiletry_storage,cosmetic_bags
jewelry,necklaces,lockets
art_and_collectibles,collectibles,coins
bath_and_beauty,fragrances,
bags_and_purses,backpacks,
clothing,boys_clothing,tops
bags_and_purses,handbags,crossbody_bags
bath_and_beauty,,
books_movies_and_music,books,literature_and_fiction
art_and_collectibles,prints,etchings_and_engravings
art_and_collectibles,collectibles,collectible_plates
weddings,gifts_and_mementos,gifts_for_the_couple
paper_and_party_supplies,party_supplies,
clothing,womens_clothing,swimwear
home_and_living,outdoor_and_garden,planters_and_pots
accessories,hair_accessories,ties_and_elastics
weddings,jewelry,earrings
jewelry,necklaces,bib_necklaces
art_and_collectibles,mixed_media_and_collage,paper
bags_and_purses,handbags,
home_and_living,food_and_drink,baked_goods
weddings,accessories,bouquets_and_corsages
weddings,clothing,dresses
home_and_living,furniture,
electronics_and_accessories,decals_and_skins,
art_and_collectibles,clip_art,
jewelry,necklaces,multi_strand_necklaces
art_and_collectibles,drawing_and_illustration,pencil
home_and_living,food_and_drink,coffee_and_tea
art_and_collectibles,collectibles,tobacciana
art_and_collectibles,dolls_and_miniatures,
art_and_collectibles,painting,mixed
pet_supplies,pet_clothing_accessories_and_shoes,pet_clothing
art_and_collectibles,fiber_arts,embroidery
home_and_living,home_decor,decorative_trays
jewelry,watches,wrist_watches
weddings,gifts_and_mementos,groomsmen_gifts
jewelry,jewelry_storage,jewelry_boxes
toys_and_games,toys,pretend_play
home_and_living,bedding,
bath_and_beauty,skin_care,moisturizers
clothing,mens_clothing,jackets_and_coats
weddings,clothing,lingerie_and_garters
art_and_collectibles,prints,music_and_movie_posters
bath_and_beauty,essential_oils,
bags_and_purses,handbags,top_handle_bags
clothing,womens_clothing,costumes
home_and_living,outdoor_and_garden,garden_decoration
home_and_living,outdoor_and_garden,
weddings,invitations_and_paper,templates
home_and_living,home_decor,floral_arrangements
accessories,baby_accessories,baby_carriers_and_wraps
weddings,jewelry,necklaces
weddings,accessories,
home_and_living,home_decor,globes_and_maps
books_movies_and_music,books,
clothing,womens_clothing,pajamas_and_robes
jewelry,necklaces,lariat_and_y_necklaces
clothing,womens_clothing,leggings
art_and_collectibles,prints,wood_and_linocut_prints
jewelry,body_jewelry,anklets
home_and_living,home_decor,decorative_tiles
jewelry,necklaces,tassel_necklaces
home_and_living,spirituality_and_religion,religious_home_and_decor
clothing,girls_clothing,clothing_sets
weddings,decorations,serving_and_dining
art_and_collectibles,painting,combination
pet_supplies,,
weddings,gifts_and_mementos,guest_books
home_and_living,home_decor,doilies
home_and_living,home_decor,statues
weddings,invitations_and_paper,save_the_dates
art_and_collectibles,fiber_arts,
accessories,hats_and_caps,slouchy_hats
art_and_collectibles,prints,screenprints
art_and_collectibles,glass_art,glass_sculptures_and_figurines
books_movies_and_music,books,comics_and_graphic_novels
home_and_living,furniture,dining_room_furniture
home_and_living,spirituality_and_religion,altars_shrines_and_tools
home_and_living,food_and_drink,candy
home_and_living,lighting,lamps
home_and_living,home_decor,mobiles
bags_and_purses,messenger_bags,
home_and_living,spirituality_and_religion,
home_and_living,bedding,bed_pillows
home_and_living,kitchen_and_dining,coffee_and_tea_makers
home_and_living,spirituality_and_religion,reiki_and_chakras
home_and_living,bathroom,bath_towels
accessories,belts_and_suspenders,belt_buckles
books_movies_and_music,books,zines_and_magazines
home_and_living,home_decor,mirrors
accessories,hair_accessories,hair_pins
clothing,boys_clothing,
clothing,mens_clothing,
clothing,girls_clothing,skirts
home_and_living,lighting,lamp_shades
home_and_living,storage_and_organization,hooks_and_fixtures
shoes,womens_shoes,sandals
toys_and_games,sports_and_outdoor_games,lawn_games
accessories,sunglasses_and_eyewear,sunglasses
weddings,invitations_and_paper,
art_and_collectibles,glass_art,
bath_and_beauty,makeup_and_cosmetics,makeup_tools_and_brushes
bath_and_beauty,soaps,bath_bombs
jewelry,brooches_pins_and_clips,pins_and_badges
home_and_living,furniture,bedroom_furniture
accessories,scarves_and_wraps,
art_and_collectibles,artist_trading_cards,
home_and_living,home_decor,frames_and_displays
clothing,womens_clothing,socks_and_hosiery
clothing,girls_clothing,costumes
bags_and_purses,accessory_cases,
jewelry,earrings,gauge_and_plug_earrings
accessories,hair_accessories,hair_jewelry
accessories,costume_accessories,
weddings,decorations,centerpieces
home_and_living,food_and_drink,
jewelry,body_jewelry,nose_rings_and_studs
accessories,scarves_and_wraps,handkerchiefs
art_and_collectibles,mixed_media_and_collage,paint_and_canvas
art_and_collectibles,glass_art,suncatchers
art_and_collectibles,fiber_arts,felting
electronics_and_accessories,cell_phone_accessories,
accessories,costume_accessories,costume_hats_and_headpieces
clothing,womens_clothing,activewear
pet_supplies,pet_collars_and_leashes,pet_id_tags
jewelry,earrings,screw_back_earrings
weddings,gifts_and_mementos,
electronics_and_accessories,video_games,
home_and_living,bathroom,bathroom_decor
weddings,jewelry,bracelets
home_and_living,lighting,switchplates
bath_and_beauty,baby_and_child_care,bibs_and_burping
books_movies_and_music,books,cookbooks
home_and_living,storage_and_organization,
home_and_living,office,office_and_desk_storage
accessories,keychains_and_lanyards,
books_movies_and_music,books,reference_books
bath_and_beauty,soaps,
books_movies_and_music,movies,
accessories,hats_and_caps,formal_hats
electronics_and_accessories,electronics_cases,tablet_and_reader_cases
art_and_collectibles,drawing_and_illustration,marker
books_movies_and_music,books,guides_and_how_tos
bath_and_beauty,skin_care,facial_care
electronics_and_accessories,electronics_cases,laptop_sleeves
books_movies_and_music,,
toys_and_games,games_and_puzzles,puzzles
home_and_living,storage_and_organization,shelving
home_and_living,lighting,night_lights
accessories,keychains_and_lanyards,zipper_charms
bags_and_purses,market_bags,
shoes,womens_shoes,pumps
shoes,,
accessories,sunglasses_and_eyewear,glasses
toys_and_games,games_and_puzzles,board_games
art_and_collectibles,fiber_arts,cross_stitch
home_and_living,food_and_drink,herbs_and_spices_and_seasonings
shoes,womens_shoes,boots
clothing,womens_clothing,jeans
home_and_living,home_decor,taxidermy_and_curiosities
weddings,accessories,veils
art_and_collectibles,prints,letterpress_prints
home_and_living,lighting,
home_and_living,spirituality_and_religion,religious_candles_and_incense
electronics_and_accessories,,
jewelry,earrings,cuff_and_wrap_earrings
home_and_living,storage_and_organization,baskets
home_and_living,furniture,kids_furniture
home_and_living,spirituality_and_religion,meditation
weddings,jewelry,jewelry_sets
art_and_collectibles,collectibles,postage_stamps
home_and_living,home_decor,home_fragrances
bags_and_purses,handbags,wristlets
weddings,jewelry,cuff_links_and_tie_tacks
books_movies_and_music,books,art_and_photography_books
clothing,womens_clothing,blazers
weddings,decorations,ring_bearer_pillows
clothing,womens_clothing,ponchos
jewelry,necklaces,cameo_necklaces
home_and_living,office,
pet_supplies,pet_collars_and_leashes,pet_leashes
home_and_living,bedding,duvet_covers
books_movies_and_music,books,history_books
jewelry,earrings,cluster_earrings
toys_and_games,toys,learning_and_school
jewelry,brooches_pins_and_clips,
bath_and_beauty,spa_and_relaxation,cold_and_heat_packs
accessories,hair_accessories,decorative_combs
bags_and_purses,diaper_bags,
accessories,gloves_and_mittens,arm_warmers
bath_and_beauty,skin_care,salves_and_balms
toys_and_games,toys,push_and_pull_toys
art_and_collectibles,painting,ink
paper_and_party_supplies,paper,paper_ephemera
toys_and_games,games_and_puzzles,
books_movies_and_music,books,religion_and_spirituality_books
clothing,mens_clothing,sweaters
weddings,accessories,belts_and_sashes
weddings,invitations_and_paper,place_cards
jewelry,jewelry_storage,
bath_and_beauty,baby_and_child_care,pacifiers_and_clips
bath_and_beauty,spa_and_relaxation,aromatherapy
bath_and_beauty,soaps,bath_salts_and_scrubs
jewelry,body_jewelry,belly_rings
jewelry,jewelry_storage,ring_dishes
jewelry,watches,watch_bands_and_straps
pet_supplies,riding_and_farm_animals,
art_and_collectibles,photography,sepia
clothing,womens_clothing,jumpsuits_and_rompers
bags_and_purses,fanny_packs,
jewelry,body_jewelry,
bags_and_purses,wallets_and_money_clips,business_card_cases
home_and_living,storage_and_organization,hangers_and_clothing_storage
toys_and_games,toys,baby_and_toddler_toys
accessories,gloves_and_mittens,
clothing,girls_clothing,bodysuits
bath_and_beauty,spa_and_relaxation,spa_kits_and_gifts
bath_and_beauty,makeup_and_cosmetics,eyes
weddings,invitations_and_paper,thank_you_cards
weddings,decorations,aisle_runners_and_decor
bath_and_beauty,personal_care,shaving_and_grooming
accessories,sunglasses_and_eyewear,glasses_cases
home_and_living,home_decor,bookends
books_movies_and_music,books,coloring_books
clothing,womens_clothing,suits
bags_and_purses,cosmetic_and_toiletry_storage,toiletry_kits_and_travel_cases
jewelry,bracelets,id_and_medical_bracelets
home_and_living,kitchen_and_dining,small_kitchen_appliances
home_and_living,floor_and_rugs,
art_and_collectibles,drawing_and_illustration,pastel
toys_and_games,toys,miniature_toys
jewelry,watches,
accessories,sunglasses_and_eyewear,
home_and_living,home_decor,wreaths_and_door_hangers
shoes,womens_shoes,slippers
weddings,invitations_and_paper,invitation_kits
art_and_collectibles,fiber_arts,crochet
jewelry,rings,signet_rings
shoes,womens_shoes,
weddings,invitations_and_paper,greeting_cards
bags_and_purses,luggage_and_travel,luggage_tags
art_and_collectibles,fiber_arts,quilting
weddings,accessories,bags_and_purses
accessories,scarves_and_wraps,bandanas
bath_and_beauty,personal_care,menstrual_care
weddings,clothing,
bags_and_purses,luggage_and_travel,passport_covers
accessories,hats_and_caps,earmuffs_and_ear_warmers
bath_and_beauty,makeup_and_cosmetics,lips
art_and_collectibles,glass_art,panels_and_wall_hangings
bags_and_purses,handbags,hobo_bags
shoes,girls_shoes,booties_and_crib_shoes
toys_and_games,toys,building_and_construction
books_movies_and_music,music,sheet_music
home_and_living,lighting,sconces
bath_and_beauty,skin_care,exfoliation_and_peels
home_and_living,spirituality_and_religion,tarot_readings_and_divinations
jewelry,rings,midi_rings
home_and_living,furniture,entryway_furniture
art_and_collectibles,fiber_arts,sewing
pet_supplies,pet_clothing_accessories_and_shoes,
bags_and_purses,cosmetic_and_toiletry_storage,
bags_and_purses,cosmetic_and_toiletry_storage,makeup_organizers
art_and_collectibles,fiber_arts,weaving
jewelry,earrings,threader_earrings
pet_supplies,pet_collars_and_leashes,
bags_and_purses,accessory_cases,cigarette_cases
clothing,mens_clothing,activewear
home_and_living,outdoor_and_garden,seeds_and_seed_bombs
books_movies_and_music,music,musical_instruments
clothing,womens_clothing,pants_and_capris
bath_and_beauty,baby_and_child_care,diapers
accessories,gloves_and_mittens,winter_gloves
accessories,suit_and_tie_accessories,pocket_squares
bath_and_beauty,makeup_and_cosmetics,
bath_and_beauty,makeup_and_cosmetics,face
pet_supplies,pet_toys,cat_toys
electronics_and_accessories,electronics_cases,laptop_bags
paper_and_party_supplies,paper,origami
electronics_and_accessories,car_parts_and_accessories,license_plates
toys_and_games,sports_and_outdoor_games,
toys_and_games,toys,puppets
accessories,patches_and_pins,
bags_and_purses,wallets_and_money_clips,money_clips
bath_and_beauty,skin_care,
electronics_and_accessories,decals_and_skins,laptop
home_and_living,home_improvement,knobs_and_pulls
shoes,womens_shoes,slip_ons
weddings,decorations,candles_and_holders
home_and_living,bathroom,beach_towels
bath_and_beauty,personal_care,
clothing,womens_clothing,hoodies_and_sweatshirts
books_movies_and_music,books,book_sets_and_collections
jewelry,watches,pocket_watches
accessories,gloves_and_mittens,evening_and_formal_gloves
art_and_collectibles,drawing_and_illustration,charcoal
weddings,accessories,neckties
home_and_living,curtains_and_window_treatments,
shoes,womens_shoes,sneakers_and_athletic_shoes
paper_and_party_supplies,paper,gift_wrapping
art_and_collectibles,painting,gouache
toys_and_games,games_and_puzzles,role_playing_games
pet_supplies,pet_collars_and_leashes,pet_harnesses_and_backpacks
pet_supplies,urns_and_memorials,pet_portraits
art_and_collectibles,dolls_and_miniatures,dollhouses
books_movies_and_music,books,biographies_and_autobiographies
books_movies_and_music,music,
bath_and_beauty,soaps,body_washes_and_liquid_soaps
bath_and_beauty,bath_accessories,washcloths
art_and_collectibles,collectibles,paperweights
bags_and_purses,food_and_insulated_bags,lunch_bags_and_boxes
accessories,hats_and_caps,bucket_hats
accessories,sunglasses_and_eyewear,glasses_chains
jewelry,body_jewelry,hair_jewelry
bath_and_beauty,hair_care,hair_extensions
home_and_living,office,message_and_bulletin_boards
home_and_living,lighting,fixtures
art_and_collectibles,mixed_media_and_collage,mosaic
art_and_collectibles,painting,spray_paint
home_and_living,outdoor_and_garden,plants
weddings,gifts_and_mementos,albums_and_scrapbooks
bath_and_beauty,baby_and_child_care,nursing
clothing,girls_clothing,pants
electronics_and_accessories,cell_phone_accessories,plugs_and_charms
clothing,mens_clothing,pants
bath_and_beauty,baby_and_child_care,
books_movies_and_music,books,poetry_books
pet_supplies,pet_feeding,pet_food_and_treats
bath_and_beauty,hair_care,conditioners_and_treatments
bath_and_beauty,hair_care,wigs
jewelry,cremation_and_memorial_jewelry,
home_and_living,furniture,office_furniture
accessories,hats_and_caps,fedoras
weddings,jewelry,
bath_and_beauty,bath_accessories,
clothing,girls_clothing,activewear
accessories,hats_and_caps,newsboy_caps
clothing,mens_clothing,vests
accessories,costume_accessories,costume_weapons
electronics_and_accessories,decals_and_skins,phone
clothing,boys_clothing,clothing_sets
home_and_living,lighting,lanterns
toys_and_games,sports_and_outdoor_games,fishing
art_and_collectibles,sculpture,vessels
jewelry,brooches_pins_and_clips,clothing_and_shoe_clips
pet_supplies,pet_furniture,pet_beds_and_cots
accessories,suit_and_tie_accessories,bolo_ties
accessories,suit_and_tie_accessories,
toys_and_games,games_and_puzzles,dice_and_tile_games
home_and_living,outdoor_and_garden,mailboxes
home_and_living,bathroom,
clothing,mens_clothing,costumes
accessories,belts_and_suspenders,suspenders
electronics_and_accessories,gadgets,
art_and_collectibles,glass_art,mosaics
art_and_collectibles,collectibles,music_boxes
home_and_living,home_decor,bells
bags_and_purses,luggage_and_travel,duffel_bags
art_and_collectibles,fiber_arts,macrame
jewelry,rings,multifinger_rings
clothing,womens_clothing,bodysuits
pet_supplies,pet_bedding,pet_mats_and_pads
bath_and_beauty,personal_care,sexual_wellness
home_and_living,cleaning_supplies,cloths_and_sponges
bags_and_purses,food_and_insulated_bags,snack_and_sandwich_bags
bath_and_beauty,spa_and_relaxation,
weddings,invitations_and_paper,announcements
pet_supplies,pet_bedding,pet_blankets
home_and_living,bedding,sheets_and_pillowcases
electronics_and_accessories,docking_and_stands,stands
home_and_living,spirituality_and_religion,religious_statuary
bath_and_beauty,hair_care,hair_styling
weddings,gifts_and_mementos,wedding_dress_hangers
accessories,hair_accessories,hair_picks
bags_and_purses,wallets_and_money_clips,
clothing,boys_clothing,bodysuits
accessories,hats_and_caps,fascinators_and_mini_hats
bath_and_beauty,personal_care,tinctures
electronics_and_accessories,electronics_cases,
clothing,girls_clothing,jackets_and_coats
clothing,mens_clothing,socks
home_and_living,office,paperweights
clothing,girls_clothing,sweaters
clothing,mens_clothing,jeans
weddings,accessories,something_blue
toys_and_games,games_and_puzzles,card_games
bath_and_beauty,baby_and_child_care,teething
jewelry,body_jewelry,belly_chains
clothing,boys_clothing,costumes
bags_and_purses,food_and_insulated_bags,drink_holders_and_cozies
bath_and_beauty,personal_care,deodorant
pet_supplies,pet_toys,dog_toys
bags_and_purses,luggage_and_travel,
home_and_living,bathroom,bathroom_vanities
clothing,girls_clothing,footies_and_rompers
home_and_living,food_and_drink,snacks
home_and_living,food_and_drink,condiments_and_sauces
clothing,womens_clothing,shorts_and_skorts
electronics_and_accessories,docking_and_stands,docking_stations
toys_and_games,games_and_puzzles,game_pieces
home_and_living,storage_and_organization,toy_storage
toys_and_games,sports_and_outdoor_games,golf
weddings,accessories,wraps_and_shawls
art_and_collectibles,prints,monotypes
home_and_living,kitchen_and_dining,bakeware
weddings,jewelry,pendants
accessories,hats_and_caps,sun_hats_and_visors
home_and_living,storage_and_organization,cabinets_and_food_storage
weddings,jewelry,brooches
jewelry,body_jewelry,barbells
bags_and_purses,luggage_and_travel,overnight_bags
weddings,clothing,shrugs_and_boleros
home_and_living,lighting,chandeliers_and_pendant_lights
home_and_living,spirituality_and_religion,psychic_readings
shoes,boys_shoes,booties_and_crib_shoes
home_and_living,bathroom,towel_racks_and_rods
shoes,mens_shoes,boots
toys_and_games,toys,stress_balls_and_desk_toys
jewelry,body_jewelry,nipple_jewelry
home_and_living,spirituality_and_religion,cemetery_and_funeral
bath_and_beauty,baby_and_child_care,changing_pads
clothing,girls_clothing,shorts
accessories,hair_accessories,wreaths_and_tiaras
weddings,decorations,baskets_and_boxes
bath_and_beauty,hair_care,shampoos
bags_and_purses,wallets_and_money_clips,checkbook_covers
bath_and_beauty,skin_care,tattooing_and_henna
shoes,girls_shoes,sandals
art_and_collectibles,fiber_arts,knitting
books_movies_and_music,books,craft_and_hobby_books
shoes,womens_shoes,oxfords_and_tie_shoes
clothing,mens_clothing,hoodies_and_sweatshirts
home_and_living,cleaning_supplies,laundry_supplies
accessories,costume_accessories,wands
pet_supplies,pet_bedding,
clothing,mens_clothing,underwear
books_movies_and_music,books,science_and_math_books
art_and_collectibles,fiber_arts,needlepoint
bags_and_purses,luggage_and_travel,travel_wallets
home_and_living,outdoor_and_garden,coolers
accessories,bouquets_and_corsages,corsages
jewelry,body_jewelry,toe_rings
home_and_living,outdoor_and_garden,plant_stands
books_movies_and_music,music,instrument_straps
bath_and_beauty,spa_and_relaxation,massage
toys_and_games,sports_and_outdoor_games,team_sports
bags_and_purses,sports_bags,yoga_bags
bath_and_beauty,hair_care,
bags_and_purses,sports_bags,team_sports_and_gym_bags
art_and_collectibles,dolls_and_miniatures,dioramas
weddings,accessories,cover_ups_and_scarves
clothing,mens_clothing,shorts
pet_supplies,urns_and_memorials,pet_grave_markers
bags_and_purses,handbags,purse_inserts
weddings,accessories,hats
electronics_and_accessories,computers_and_peripherals,
pet_supplies,pet_feeding,pet_bowls
accessories,hair_accessories,bun_holders_and_makers
clothing,girls_clothing,swimwear
accessories,belts_and_suspenders,
art_and_collectibles,painting,encaustics
home_and_living,spirituality_and_religion,divination_tools
bags_and_purses,luggage_and_travel,suitcases
electronics_and_accessories,telephones_and_handsets,
electronics_and_accessories,audio,stereos_and_home_audio
home_and_living,food_and_drink,preserves
home_and_living,office,banks_and_cash_boxes
toys_and_games,sports_and_outdoor_games,bikes_and_cycling
home_and_living,bathroom,shower_curtains_and_rings
accessories,hats_and_caps,cowboy_hats
bath_and_beauty,makeup_and_cosmetics,nails
pet_supplies,urns_and_memorials,pet_urns
accessories,gloves_and_mittens,mittens_and_muffs
clothing,womens_clothing,overalls
clothing,mens_clothing,swim_trunks
home_and_living,lighting,light_pulls
accessories,sunglasses_and_eyewear,reading_glasses
bags_and_purses,sports_bags,
accessories,hats_and_caps,berets_and_tams
home_and_living,outdoor_and_garden,feeders_and_birdhouses
jewelry,earrings,ear_weights
books_movies_and_music,books,health_and_fitness_books
shoes,girls_shoes,sneakers_and_athletic_shoes
clothing,boys_clothing,pants
home_and_living,storage_and_organization,recycling_and_trash
accessories,costume_accessories,wings
bags_and_purses,cosmetic_and_toiletry_storage,refillable_containers
books_movies_and_music,books,humor_books
electronics_and_accessories,cables_and_cords,cord_ties_and_organizers
bath_and_beauty,baby_and_child_care,sets
home_and_living,storage_and_organization,laundry_bags_and_hampers
accessories,scarves_and_wraps,collars_and_bibs
pet_supplies,urns_and_memorials,pet_memorial_jewelry
home_and_living,cleaning_supplies,air_fresheners
accessories,gloves_and_mittens,costume_gloves
bags_and_purses,cosmetic_and_toiletry_storage,vanity_storage
toys_and_games,sports_and_outdoor_games,fitness_and_exercise
pet_supplies,pet_toys,bird_toys
shoes,mens_shoes,oxfords_and_wingtips
pet_supplies,pet_health_and_wellness,
toys_and_games,toys,wind_up_toys
bath_and_beauty,personal_care,supplements
clothing,girls_clothing,ponchos
bags_and_purses,food_and_insulated_bags,
toys_and_games,toys,electronic_toys
bath_and_beauty,personal_care,oral_care
home_and_living,office,typewriters
electronics_and_accessories,car_parts_and_accessories,
accessories,costume_accessories,capes
clothing,boys_clothing,sweaters
jewelry,body_jewelry,arm_bands
pet_supplies,pet_storage,
bath_and_beauty,soaps,sachets_and_soaks
shoes,mens_shoes,sneakers_and_athletic_shoes
shoes,girls_shoes,
home_and_living,cleaning_supplies,cleaning_products
pet_supplies,pet_toys,small_animal_toys
home_and_living,home_decor,chair_pads_and_covers
home_and_living,outdoor_and_garden,outdoor_lighting
pet_supplies,pet_bedding,nesting_supplies
pet_supplies,pet_furniture,pet_hammocks
pet_supplies,pet_feeding,feeding_stands
accessories,bouquets_and_corsages,bouquets
shoes,mens_shoes,loafers_and_slip_ons
toys_and_games,games_and_puzzles,marbles
shoes,mens_shoes,slippers
jewelry,jewelry_storage,ring_trees
pet_supplies,pet_health_and_wellness,pet_grooming
art_and_collectibles,fiber_arts,rugmaking
bath_and_beauty,soaps,bath_oils
electronics_and_accessories,audio,boomboxes_and_portable_audio
bags_and_purses,cosmetic_and_toiletry_storage,brush_rolls_and_holders
toys_and_games,games_and_puzzles,game_room
accessories,hats_and_caps,boaters_and_panama_hats
electronics_and_accessories,computers_and_peripherals,keyboards_and_mice
bath_and_beauty,soaps,bubble_bath
accessories,hats_and_caps,veils
shoes,girls_shoes,mary_janes
electronics_and_accessories,audio,
clothing,mens_clothing,pajamas_and_robes
clothing,boys_clothing,jackets_and_coats
clothing,boys_clothing,suits
toys_and_games,sports_and_outdoor_games,camping
clothing,boys_clothing,shorts
electronics_and_accessories,computers_and_peripherals,drives_and_memory
home_and_living,bathroom,soap_dishes_and_dispensers
pet_supplies,pet_carriers_and_houses,pet_houses
shoes,womens_shoes,mary_janes
home_and_living,office,chalkboards
pet_supplies,urns_and_memorials,
toys_and_games,toys,balls
shoes,womens_shoes,costume_shoes
home_and_living,office,dry_erase_boards
toys_and_games,sports_and_outdoor_games,juggling_and_hula_hoops
accessories,costume_accessories,costume_goggles
shoes,girls_shoes,slippers
toys_and_games,sports_and_outdoor_games,skateboarding
art_and_collectibles,fiber_arts,basket_weaving
bags_and_purses,food_and_insulated_bags,picnic_baskets_and_bags
shoes,insoles_and_accessories,shoelaces
accessories,gloves_and_mittens,driving_gloves
pet_supplies,pet_feeding,
home_and_living,spirituality_and_religion,natural_curios
home_and_living,outdoor_and_garden,patio_furniture
accessories,costume_accessories,costume_tails_and_ears
home_and_living,home_appliances,appliance_decals
home_and_living,cleaning_supplies,
home_and_living,outdoor_and_garden,watering_and_hoses
bath_and_beauty,baby_and_child_care,feeding
shoes,mens_shoes,
home_and_living,home_appliances,
electronics_and_accessories,electronics_cases,camera_bags_and_cases
electronics_and_accessories,audio,record_players
jewelry,rings,ring_guards_and_spacers
home_and_living,spirituality_and_religion,religious_clothing
home_and_living,spirituality_and_religion,ceremonial_pipes
shoes,mens_shoes,sandals
books_movies_and_music,music,music_cases_and_sleeves
art_and_collectibles,fiber_arts,batik
bags_and_purses,luggage_and_travel,train_cases
home_and_living,outdoor_and_garden,garden_boxes
bags_and_purses,wallets_and_money_clips,chain_wallets
weddings,clothing,suits
pet_supplies,pet_feeding,pet_feeders_and_waterers
pet_supplies,pet_feeding,placemats
accessories,costume_accessories,masks_and_prosthetics
shoes,insoles_and_accessories,
clothing,girls_clothing,underwear
bags_and_purses,clothing_and_shoe_bags,shoe_bags
home_and_living,home_improvement,
accessories,suit_and_tie_accessories,ascots
art_and_collectibles,fiber_arts,tatting_and_lace
shoes,insoles_and_accessories,shoe_care_and_cleaning
bath_and_beauty,skin_care,eye_treatments
electronics_and_accessories,cameras,cameras
books_movies_and_music,music,gig_bags_and_instrument_cases
accessories,hats_and_caps,helmets
electronics_and_accessories,computers_and_peripherals,computers
bags_and_purses,clothing_and_shoe_bags,
toys_and_games,toys,ride_on_and_rocking_toys
bath_and_beauty,bath_accessories,sponges_and_body_brushes
electronics_and_accessories,decals_and_skins,tablet
pet_supplies,pet_health_and_wellness,pet_waste
bags_and_purses,sports_bags,wet_and_beach_bags
bags_and_purses,clothing_and_shoe_bags,laundry_and_lingerie_bags
electronics_and_accessories,audio,headphones_and_stands
jewelry,body_jewelry,shoulder_jewelry
weddings,gifts_and_mementos,portraits_and_frames
electronics_and_accessories,cell_phone_accessories,styluses
bags_and_purses,luggage_and_travel,garment_bags
electronics_and_accessories,batteries_and_charging,chargers
pet_supplies,pet_furniture,play_furniture
pet_supplies,pet_toys,
clothing,mens_clothing,suits_and_sport_coats
toys_and_games,sports_and_outdoor_games,balls
weddings,decorations,paper_fans
pet_supplies,pet_bedding,liners
pet_supplies,pet_carriers_and_houses,nests_and_bags
toys_and_games,sports_and_outdoor_games,racquet_sports
pet_supplies,pet_carriers_and_houses,pet_slings
pet_supplies,pet_furniture,
jewelry,body_jewelry,lip_rings
pet_supplies,pet_carriers_and_houses,pet_totes
clothing,girls_clothing,socks_and_leg_warmers
bags_and_purses,luggage_and_travel,briefcases_and_attaches
toys_and_games,sports_and_outdoor_games,hunting_and_archery
art_and_collectibles,fiber_arts,crewel
bath_and_beauty,personal_care,bug_repellent
electronics_and_accessories,docking_and_stands,laptop_trays_and_stands
clothing,boys_clothing,activewear
home_and_living,bathroom,cups_and_storage
accessories,suit_and_tie_accessories,shirt_studs
home_and_living,storage_and_organization,garage_storage
shoes,girls_shoes,boots
weddings,accessories,umbrellas
weddings,decorations,plants
bath_and_beauty,bath_accessories,poufs
clothing,boys_clothing,vests
home_and_living,storage_and_organization,shoe_storage
jewelry,body_jewelry,pinchers_and_spirals
electronics_and_accessories,cameras,
clothing,mens_clothing,kilts
pet_supplies,training,
clothing,boys_clothing,swimwear
bags_and_purses,sports_bags,cycling_bags
clothing,boys_clothing,hoodies_and_sweatshirts
toys_and_games,sports_and_outdoor_games,flying_toys
shoes,insoles_and_accessories,shoe_trees
bath_and_beauty,hair_care,shower_caps
electronics_and_accessories,cameras,photography_accessories
electronics_and_accessories,docking_and_stands,
shoes,boys_shoes,slippers
accessories,umbrellas_and_rain_accessories,
clothing,girls_clothing,hoodies_and_sweatshirts
electronics_and_accessories,tv_and_projection,projectors
bags_and_purses,wallets_and_money_clips,coupon_organizer
pet_supplies,pet_carriers_and_houses,aquariums_and_tank_decor
pet_supplies,pet_carriers_and_houses,pet_crates_and_kennels
clothing,girls_clothing,pajamas_and_robes
accessories,bouquets_and_corsages,
books_movies_and_music,video_cases_and_tins,
toys_and_games,toys,play_tents_and_playhouses
accessories,costume_accessories,facial_hair
pet_supplies,pet_carriers_and_houses,
electronics_and_accessories,cables_and_cords,cables
home_and_living,outdoor_and_garden,grills_and_accessories
toys_and_games,sports_and_outdoor_games,ice_and_snow_sports
shoes,boys_shoes,
electronics_and_accessories,parts_and_electrical,bulbs_and_tubes
home_and_living,spirituality_and_religion,prayer_mats_and_rugs
toys_and_games,sports_and_outdoor_games,martial_arts_and_boxing
shoes,womens_shoes,clogs_and_mules
home_and_living,home_appliances,weather_instruments
shoes,boys_shoes,sneakers_and_athletic_shoes
bath_and_beauty,personal_care,canes_and_walking
pet_supplies,training,training_bells_and_whistles
bags_and_purses,luggage_and_travel,luggage_straps
bath_and_beauty,bath_accessories,loofahs
toys_and_games,sports_and_outdoor_games,bowling
home_and_living,storage_and_organization,outdoor_storage
clothing,boys_clothing,underwear
home_and_living,storage_and_organization,ladders_and_stepstools
weddings,accessories,cummerbunds
shoes,insoles_and_accessories,shoehorns
pet_supplies,pet_health_and_wellness,pet_vitamins_and_supplements
bath_and_beauty,hair_care,hair_dye_and_color
home_and_living,bathroom,bath_mats_and_rugs
toys_and_games,toys,toy_instruments
accessories,sunglasses_and_eyewear,sports_goggles
clothing,boys_clothing,socks
pet_supplies,beekeeping,
home_and_living,home_improvement,doors_and_locks
pet_supplies,pet_health_and_wellness,pet_pest_control
toys_and_games,toys,yo_yos_and_tops
home_and_living,outdoor_and_garden,gardening_tools
home_and_living,outdoor_and_garden,fire_pits
pet_supplies,pet_furniture,pet_steps
toys_and_games,sports_and_outdoor_games,boating_and_water_sports
bags_and_purses,luggage_and_travel,rolling_luggage
accessories,gloves_and_mittens,sports_gloves
pet_supplies,pet_health_and_wellness,pet_dental
home_and_living,home_improvement,moldings_and_trim
bath_and_beauty,skin_care,bleaching_and_fade_creams
pet_supplies,pet_health_and_wellness,deodorizers_and_perfumes
accessories,suit_and_tie_accessories,cummerbunds
shoes,girls_shoes,costume_shoes
pet_supplies,pet_gates_and_fences,
shoes,boys_shoes,boots
electronics_and_accessories,parts_and_electrical,parts
home_and_living,home_appliances,large_appliances
shoes,mens_shoes,costume_shoes
electronics_and_accessories,computers_and_peripherals,monitors_and_accessories
electronics_and_accessories,tv_and_projection,televisions
craft_supplies_and_tools,sewing_and_fiber,sewing_and_needlecraft
electronics_and_accessories,tv_and_projection,
art_and_collectibles,fiber_arts,sashiko
home_and_living,cleaning_supplies,cleaning_gloves
clothing,boys_clothing,footies_and_rompers
craft_supplies_and_tools,paper_party_and_kids,papercraft
toys_and_games,toys,stereoscopes_and_viewfinders
pet_supplies,pet_carriers_and_houses,birdcages
shoes,boys_shoes,loafers_and_slip_ons
shoes,insoles_and_accessories,insoles
weddings,shoes,
shoes,boys_shoes,sandals
shoes,girls_shoes,heels
clothing,boys_clothing,pajamas_and_robes
craft_supplies_and_tools,jewelry_and_beauty,jewelry_making_and_beading
electronics_and_accessories,diy_kits,
home_and_living,outdoor_and_garden,wheels_and_wheelbarrows
pet_supplies,pet_clothing_accessories_and_shoes,pet_shoes_and_booties
shoes,girls_shoes,dance_shoes
home_and_living,home_improvement,windows
electronics_and_accessories,batteries_and_charging,
electronics_and_accessories,audio,microphones
books_movies_and_music,music,picks_and_slides
home_and_living,cleaning_supplies,buckets_mops_and_brooms
craft_supplies_and_tools,home_and_hobby,food_and_fermenting
home_and_living,home_improvement,flooring
home_and_living,spirituality_and_religion,religious_music
clothing,boys_clothing,ponchos
home_and_living,outdoor_and_garden,garden_gloves_and_aprons
pet_supplies,pet_furniture,pet_ramps
electronics_and_accessories,tv_and_projection,video_players
clothing,mens_clothing,ponchos
electronics_and_accessories,decals_and_skins,keyboard
home_and_living,food_and_drink,soups_and_packaged_mixes
home_and_living,home_improvement,hinges
shoes,mens_shoes,clogs_and_mules
bags_and_purses,sports_bags,bowling_ball_bags
electronics_and_accessories,cables_and_cords,
home_and_living,home_improvement,plumbing
craft_supplies_and_tools,home_and_hobby,home_improvement
craft_supplies_and_tools,paper_party_and_kids,kids_crafts
craft_supplies_and_tools,sculpting_and_forming,glass_art
bags_and_purses,cosmetic_and_toiletry_storage,nail_polish_organizers
home_and_living,outdoor_and_garden,hammocks_and_swings
home_and_living,home_appliances,irons_and_steamers
bags_and_purses,sports_bags,tennis_and_golf_bags
home_and_living,outdoor_and_garden,greenhouses_and_hydroponics
shoes,boys_shoes,oxfords_and_wingtips
craft_supplies_and_tools,home_and_hobby,floral_and_garden_crafts
bags_and_purses,sports_bags,arm_bands_and_wrist_wallets
craft_supplies_and_tools,paper_party_and_kids,party_and_gifting
accessories,gloves_and_mittens,gardening_and_work_gloves
electronics_and_accessories,parts_and_electrical,sockets_and_wiring
pet_supplies,pet_furniture,cage_stands
craft_supplies_and_tools,home_and_hobby,doll_and_model_making
craft_supplies_and_tools,home_and_hobby,woodworking_and_carpentry
pet_supplies,training,muzzles
electronics_and_accessories,cameras,flashes_and_lighting
electronics_and_accessories,cameras,lenses_and_filters
craft_supplies_and_tools,visual_arts,drawing_and_drafting
craft_supplies_and_tools,visual_arts,painting
electronics_and_accessories,parts_and_electrical,
shoes,girls_shoes,clogs_and_mules
home_and_living,home_appliances,fans_and_heaters
craft_supplies_and_tools,sculpting_and_forming,metalworking
bags_and_purses,clothing_and_shoe_bags,hat_boxes
electronics_and_accessories,cameras,slides_and_accessories
craft_supplies_and_tools,jewelry_and_beauty,hat_making_and_hair_crafts
craft_supplies_and_tools,sewing_and_fiber,upholstery
craft_supplies_and_tools,sewing_and_fiber,leatherworking
craft_supplies_and_tools,jewelry_and_beauty,soap_making_and_bath
craft_supplies_and_tools,sculpting_and_forming,ceramics_and_pottery
craft_supplies_and_tools,sewing_and_fiber,weaving_and_tapestry
craft_supplies_and_tools,sewing_and_fiber,shoemaking
shoes,boys_shoes,costume_shoes
craft_supplies_and_tools,sewing_and_fiber,knitting
toys_and_games,sports_and_outdoor_games,swings_and_slides
craft_supplies_and_tools,sculpting_and_forming,enameling
craft_supplies_and_tools,sewing_and_fiber,crochet
electronics_and_accessories,parts_and_electrical,testing_and_calibration
craft_supplies_and_tools,jewelry_and_beauty,nail_art
craft_supplies_and_tools,sculpting_and_forming,mosaic_making
craft_supplies_and_tools,visual_arts,photography
pet_supplies,pet_carriers_and_houses,coops
craft_supplies_and_tools,sculpting_and_forming,molding_and_casting
craft_supplies_and_tools,visual_arts,collage
craft_supplies_and_tools,visual_arts,printing_and_printmaking
craft_supplies_and_tools,home_and_hobby,electronics_and_circuitry
craft_supplies_and_tools,sewing_and_fiber,rug_making
electronics_and_accessories,batteries_and_charging,batteries
craft_supplies_and_tools,home_and_hobby,framing
craft_supplies_and_tools,visual_arts,calligraphy
craft_supplies_and_tools,visual_arts,dyeing_and_batik
craft_supplies_and_tools,home_and_hobby,candle_making
craft_supplies_and_tools,sewing_and_fiber,macrame
craft_supplies_and_tools,sewing_and_fiber,spinning
electronics_and_accessories,maker_supplies,
bath_and_beauty,hair_care,hair_accessories
craft_supplies_and_tools,sculpting_and_forming,robotics
toys_and_games,sports_and_outdoor_games,kites_and_pinwheels
home_and_living,home_improvement,hardware
craft_supplies_and_tools,sculpting_and_forming,3d_printing
craft_supplies_and_tools,sculpting_and_forming,carving_and_whittling
craft_supplies_and_tools,jewelry_and_beauty,makeup_and_face_painting
home_and_living,home_improvement,lighting_parts
home_and_living,home_improvement,tools
weddings,jewelry,rings
shoes,boys_shoes,clogs_and_mules
bags_and_purses,electronics_cases,camera_bags_and_cases
electronics_and_accessories,maker_supplies,3d_printing_and_machining
home_and_living,home_improvement,cleaning_supplies
home_and_living,home_improvement,fillers_and_spackling
home_and_living,home_improvement,safety_supplies
craft_supplies_and_tools,jewelry_and_beauty,tattooing
electronics_and_accessories,maker_supplies,robotics
home_and_living,home_appliances,coffee_and_tea_makers
home_and_living,storage_and_organization,jewelry_storage
home_and_living,food_and_drink,pet_food_and_treats
home_and_living,home_appliances,small_kitchen_appliances
accessories,baby_accessories,baby_headbands
accessories,baby_accessories,pacifiers_and_clips
accessories,costume_accessories,face_and_body_paint
art_and_collectibles,collectibles,displays
bags_and_purses,accessory_cases,glasses_cases
bags_and_purses,electronics_cases,laptop_bags
bags_and_purses,electronics_cases,laptop_sleeves
bags_and_purses,electronics_cases,tablet_and_reader_cases
bags_and_purses,keychains_and_lanyards,
accessories,baby_accessories,changing_pads
bags_and_purses,keychains_and_lanyards,lanyards
bags_and_purses,keychains_and_lanyards,zipper_charms
bath_and_beauty,baby_and_child_care,wet_bags
bath_and_beauty,cosmetic_and_toiletry_storage,
accessories,baby_accessories,bibs_and_burping
bath_and_beauty,cosmetic_and_toiletry_storage,brush_rolls_and_holders
bath_and_beauty,cosmetic_and_toiletry_storage,lipstick_and_compact_cases
bath_and_beauty,cosmetic_and_toiletry_storage,makeup_organizers
bath_and_beauty,cosmetic_and_toiletry_storage,nail_polish_organizers
bags_and_purses,keychains_and_lanyards,keychains
accessories,suit_and_tie_accessories,formal_vests
bath_and_beauty,cosmetic_and_toiletry_storage,refillable_containers
bath_and_beauty,cosmetic_and_toiletry_storage,toiletry_storage_kits_and_travel_cases
accessories,hair_accessories,fascinators_and_mini_hats
craft_supplies_and_tools,home_and_hobby,
craft_supplies_and_tools,jewelry_and_beauty,
craft_supplies_and_tools,paper_party_and_kids,
craft_supplies_and_tools,sculpting_and_forming,
craft_supplies_and_tools,sewing_and_fiber,
craft_supplies_and_tools,visual_arts,
electronics_and_accessories,electronics_cases,laptop_skins
bath_and_beauty,cosmetic_and_toiletry_storage,cosmetic_bags
electronics_and_accessories,maker_supplies,raspberry_pi_and_arduino
home_and_living,cleaning_supplies,aprons
home_and_living,floor_and_rugs,flooring_and_tile
home_and_living,food_and_drink,recipes
home_and_living,home_improvement,blueprints_and_how_to
home_and_living,home_improvement,finials
home_and_living,home_improvement,ladders_and_stepstools
home_and_living,home_improvement,paints_and_stains
home_and_living,home_improvement,wood
books_movies_and_music,books,calendars_and_planners
home_and_living,office,business_card_cases
home_and_living,outdoor_and_garden,picnic_baskets
art_and_collectibles,pet_portraits,
home_and_living,storage_and_organization,office_and_desk_storage
jewelry,cufflinks_and_tie_tacks,
jewelry,cufflinks_and_tie_tacks,cuff_links
jewelry,cufflinks_and_tie_tacks,shirt_studs
jewelry,cufflinks_and_tie_tacks,tie_tacks
paper_and_party_supplies,paper,calligraphy
paper_and_party_supplies,paper,erasers_and_sharpeners
paper_and_party_supplies,paper,pencils
bags_and_purses,electronics_cases,
paper_and_party_supplies,paper,pens
paper_and_party_supplies,paper,printing_presses_and_letterpress
pet_supplies,training,pet_diapers_and_belly_bands
shoes,insoles_and_accessories,shoe_clips
shoes,insoles_and_accessories,shoe_storage
home_and_living,home_improvement,glue_and_adhesives
toys_and_games,games_and_puzzles,video_games
toys_and_games,sports_and_outdoor_games,sports_helmets
bags_and_purses,electronics_cases,phone_cases
home_and_living,home_decor,indoor_planters
toys_and_games,toys,kids_costumes
jewelry,body_jewelry,gauge_and_plug_earrings
weddings,invitations_and_paper,address_stamps